time,open,high,low,close,Histogram,MACD,Signal,RSI,%K,%D
2014-01-02T14:30:00Z,58.31,58.5,57.9745,58.21,0.035516975,0.739972391,0.704455417,62.78054005,90.10582011,89.4833489
2014-01-03T14:30:00Z,58.29,58.95,58.21,58.66,0.042562294,0.757658284,0.71509599,65.91911014,92.93837097,91.087352
2014-01-06T14:30:00Z,59.16,59.465,58.83,59,0.05992559,0.790002978,0.730077388,68.10739023,89.86607358,90.97008822
2014-01-07T14:30:00Z,59.29,59.43,58.11,58.32,0.017615182,0.752096365,0.734481183,59.83280847,84.07486328,88.95976928
2014-01-08T14:30:00Z,58.54,58.91,58.3,58.87,0.018576011,0.757701197,0.739125186,63.67673559,81.91881919,85.28658535
2014-01-09T14:30:00Z,58.98,59,58.33,58.76,0.004446048,0.744682746,0.740236698,62.39074286,76.84716923,80.94695057
2014-01-10T14:30:00Z,58.67,58.76,58.175,58.49,-0.028622773,0.704458231,0.733081005,59.22885252,71.88747725,76.88448855
2014-01-13T14:30:00Z,58.51,58.67,57.53,57.7,-0.104948531,0.601895341,0.706843872,51.07305405,46.36170261,65.03211636
2014-01-14T14:30:00Z,58.3,58.58,57.56,57.74,-0.151177916,0.517871477,0.669049393,51.43768217,25.53062843,47.92660276
2014-01-15T14:30:00Z,57.73,59.65,57.73,59.49,-0.066647287,0.585740284,0.652387571,64.05792984,37.36369103,36.41867402
2014-01-16T14:30:00Z,58.79,59.82,58.74,58.99,-0.04802789,0.592352709,0.640380599,59.31497023,55.68700063,39.52710669
2014-01-17T14:30:00Z,59.21,59.23,58.03,58.11,-0.095837683,0.520583495,0.616421178,52.01527427,60.51193321,51.18754162
2014-01-21T14:30:00Z,58.09,58.44,57.58,58.17,-0.1225707,0.463207803,0.585778503,52.44499857,39.01018923,51.73637435
2014-01-22T14:30:00Z,58.33,58.33,57.42,57.59,-0.175255754,0.36670881,0.541964564,47.97258981,20.11948083,39.88053442
2014-01-23T14:30:00Z,57.09,57.1,56.21,56.47,-0.2755073,0.197580439,0.473087739,40.74651301,14.07771588,24.40246198
2014-01-24T14:30:00Z,56,56.36,55.09,55.09,-0.416281906,-0.047264643,0.369017263,33.95900817,4.7618498,12.98634884
2014-01-27T14:30:00Z,55.08,55.795,54.692,55.09,-0.486058776,-0.238556207,0.247502569,33.95900817,4.987842173,7.942469286
2014-01-28T14:30:00Z,55.39,56.3367,55.24,55.74,-0.465088514,-0.333858074,0.13123044,39.46725867,9.399375975,6.383022649
2014-01-29T14:30:00Z,54.96,55.87,54.85,55.53,-0.442162164,-0.421472265,0.020689899,38.35423589,14.84659386,9.744604004
2014-01-30T14:30:00Z,56.07,56.39,55.63,56,-0.374807825,-0.447819882,-0.073012057,42.27773621,20.76183047,15.0026001
2014-01-31T14:30:00Z,55.5,56.11,55.18,55.36,-0.353121052,-0.514413372,-0.16129232,38.66865756,18.29173167,17.96671867
2014-02-03T14:30:00Z,55.5,55.92,54.2,54.31,-0.38655509,-0.644486183,-0.257931093,33.60076098,13.49694557,17.5168359
2014-02-04T14:30:00Z,54.72,55.35,54.6,54.95,-0.344052227,-0.687996376,-0.343944149,38.86051889,9.443004055,13.74389377
2014-02-05T14:30:00Z,55.1,55.45,54.58,55.21,-0.279648204,-0.693504404,-0.4138562,40.90840784,11.09134045,11.34376336
2014-02-06T14:30:00Z,55.35,56.55,55.2,56.48,-0.139799908,-0.588606086,-0.448806177,49.76048426,25.5482526,15.3608657
2014-02-07T14:30:00Z,56.65,56.93,56.255,56.62,-0.03179101,-0.48854494,-0.45675393,50.6383302,40.12501125,25.58820143
2014-02-10T14:30:00Z,56.77,56.92,56.39,56.74,0.04939567,-0.395009343,-0.444405012,51.42185311,54.63490472,40.10272286
2014-02-11T14:30:00Z,56.61,57.57,56.58,57.43,0.145778249,-0.262182201,-0.40796045,55.76933563,71.47412656,55.41134751
2014-02-12T14:30:00Z,57.34,57.71,57.16,57.52,0.208009933,-0.147948034,-0.355957967,56.31846278,83.97793419,70.02898849
2014-02-13T14:30:00Z,57.07,58.1,56.96,58.03,0.271903532,-0.016078552,-0.287982084,59.39486267,96.21257337,83.88821137
2014-02-14T14:30:00Z,57.89,58.23,57.75,58.15,0.307980767,0.096993875,-0.210986892,60.10679636,96.93563704,92.37538154
2014-02-18T14:30:00Z,58.02,58.65,57.9,58.49,0.338069951,0.211600547,-0.126469404,62.13264008,97.54150364,96.89657135
2014-02-19T14:30:00Z,58.36,58.54,57.22,57.26,0.261864354,0.200861038,-0.061003316,51.87049212,87.72780922,94.06831664
2014-02-20T14:30:00Z,57.53,57.971,57.2699,57.58,0.221350608,0.215684945,-0.005665664,53.9991875,80.37453184,88.54794823
2014-02-21T14:30:00Z,57.59,57.84,57.37,57.61,0.186319995,0.22723433,0.040914335,54.20368527,73.78277154,80.62837086
2014-02-24T14:30:00Z,57.62,58.23,57.575,58.03,0.181026694,0.267197703,0.086171009,57.08036693,79.11695148,77.75808495
2014-02-25T14:30:00Z,57.9,57.98,56.92,57.03,0.103615969,0.21569097,0.112075001,49.16214784,73.86411948,75.5879475
2014-02-26T14:30:00Z,57.37,57.38,56.223,56.75,0.030773993,0.150542492,0.119768499,47.18828197,63.29689373,72.0926549
2014-02-27T14:30:00Z,56.78,56.89,56.14,56.69,-0.021416136,0.092998329,0.114414465,46.75507696,42.34548234,59.83549852
2014-02-28T14:30:00Z,56.57,57.45,56.39,56.82,-0.045752027,0.057224432,0.102976458,47.87170772,31.31050677,45.65096095
2014-03-03T14:30:00Z,56.3,56.42,55.69,56.21,-0.098474487,-0.02011665,0.078357837,43.28462848,22.19051721,31.94883544
2014-03-04T14:30:00Z,56.95,57.36,56.64,57.26,-0.060063534,0.003278419,0.063341953,51.83914815,32.56658052,28.6892015
2014-03-05T14:30:00Z,57.48,58.29,57.36,58.16,0.024018757,0.0933654,0.069346642,57.72508365,51.35135135,35.36948303
2014-03-06T14:30:00Z,58.51,59.0854,58.4,58.9,0.122053657,0.221913713,0.099860057,61.85321215,77.00871927,53.64221705
2014-03-07T14:30:00Z,59.35,59.8,59.07,59.4,0.208100205,0.359985313,0.151885108,64.38390652,89.41775239,72.59260767
2014-03-10T13:30:00Z,59.14,59.48,58.865,59.2,0.236975317,0.448104255,0.211128937,62.59508651,90.06959036,85.49868734
2014-03-11T13:30:00Z,59.42,59.45,58.13,58.19,0.176270378,0.43146691,0.255196532,54.37848071,78.83211679,86.10648651
2014-03-12T13:30:00Z,57.7,57.96,57.42,57.92,0.109423967,0.39197649,0.282552523,52.39833667,66.82887267,78.57685994
2014-03-13T13:30:00Z,58,58.34,57.19,57.42,0.027304936,0.316683694,0.289378758,48.8507587,52.39253852,66.01784266
2014-03-14T13:30:00Z,57.11,57.53,56.62,56.8,-0.067802213,0.204625991,0.272428204,44.80032112,41.11922141,53.44687753
2014-03-17T13:30:00Z,57.21,57.7,57.05,57.58,-0.076565126,0.176721796,0.253286923,50.37498721,38.36171938,43.95782644
2014-03-18T13:30:00Z,57.82,58.16,57.62,58.06,-0.04972057,0.19113621,0.24085678,53.48798478,43.55231144,41.01108408
2014-03-19T13:30:00Z,57.99,58.93,57.89,58.3,-0.017168093,0.219396663,0.236564757,55.00772986,55.71776156,45.87726413
2014-03-20T13:30:00Z,58.36,60.49,58.13,60.11,0.117488404,0.383425261,0.265936858,64.44348724,71.08373885,56.78460395
2014-03-21T13:30:00Z,60.96,61.2,60,60.17,0.197134115,0.512354502,0.315220387,64.70771353,77.6993,68.16693347
2014-03-24T13:30:00Z,60.37,61.19,60.35,61.07,0.291282502,0.679323514,0.388041012,68.49020823,88.91860747,79.23388211
2014-03-25T13:30:00Z,61.11,61.48,60.56,60.93,0.322551208,0.791230021,0.468678814,67.28220264,87.78520555,84.80103767
2014-03-26T13:30:00Z,61.24,61.4,59.89,59.9,0.25523611,0.787723952,0.532487842,59.03271316,84.44480385,87.04953896
2014-03-27T13:30:00Z,59.94,60.55,59.02,59.92,0.196086176,0.777595561,0.581509385,59.13748136,74.69135802,82.30712248
2014-03-28T13:30:00Z,60.21,60.59,59.68,60.04,0.151089591,0.770371375,0.619281783,59.80173734,68.58710562,75.90775583
2014-03-31T13:30:00Z,60.83,61.015,60.6,60.71,0.152078199,0.809379532,0.657301333,63.3810112,74.14266118,72.47370828
2014-04-01T13:30:00Z,60.95,61.29,60.37,60.67,0.136180451,0.827526897,0.691346446,63.02023528,79.2866941,74.00548697
2014-04-02T13:30:00Z,60.37,60.77,60.2,60.48,0.100649017,0.817157716,0.7165087,61.23715191,82.30452675,78.57796068
2014-04-03T13:30:00Z,60.65,60.8,60.28,60.66,0.078057321,0.814080351,0.73602303,62.32470844,81.41568121,81.00230069
2014-04-04T13:30:00Z,61.02,61.06,59.8,59.81,-0.001149806,0.734585772,0.735735578,54.54250869,72.54982053,78.75667616
2014-04-07T13:30:00Z,59.69,60,58.84,59,-0.109134893,0.599316963,0.708451855,48.34718392,56.38160445,70.11570206
2014-04-08T13:30:00Z,58.8,59.02,58.25,58.85,-0.187128291,0.474541491,0.661669782,47.27624942,36.38250289,55.10464262
2014-04-09T13:30:00Z,59.1,59.45,58.495,59.27,-0.205432367,0.404879324,0.610311691,50.57736219,27.99690158,40.25366964
2014-04-10T13:30:00Z,59.35,59.39,57.38,57.4,-0.331039029,0.196512905,0.527551934,38.89925728,17.85309652,27.41083366
2014-04-11T13:30:00Z,55.18,56.05,54.55,55.3,-0.531239923,-0.13649797,0.394741953,30.40808521,14.29642102,20.04880637
2014-04-14T13:30:00Z,55.85,55.94,54.48,54.96,-0.654170283,-0.4229709,0.231199382,29.29318195,6.082243962,12.7439205
2014-04-15T13:30:00Z,55.09,55.64,54.35,54.8,-0.70924659,-0.655358856,0.053887735,28.75880864,8.081025621,9.486563535
2014-04-16T13:30:00Z,55,55.35,54.69,55.26,-0.677722634,-0.793265557,-0.115542924,32.567452,8.844319324,7.669196302
2014-04-17T13:30:00Z,55.34,55.57,55.013,55.22,-0.623936012,-0.895462938,-0.271526927,32.40521836,10.71085495,9.212066631
2014-04-21T13:30:00Z,55.26,55.41,54.99,55.03,-0.567165739,-0.980484101,-0.413318361,31.59998399,11.81556196,10.45691208
2014-04-22T13:30:00Z,55.04,56.08,54.94,55.81,-0.448305545,-0.973700292,-0.525394748,38.37049874,14.69762108,12.40801266
2014-04-23T13:30:00Z,55.8,56.12,55.5607,56.05,-0.330199197,-0.938143744,-0.607944547,40.32771789,18.96405354,15.15907886
2014-04-24T13:30:00Z,56.07,56.26,55.61,56.19,-0.224385852,-0.888426861,-0.66404101,41.49491945,24.83854943,19.50007468
2014-04-25T13:30:00Z,56.31,56.35,55.64,55.7,-0.17151814,-0.878438684,-0.706920545,38.64569255,25.55029477,23.11763258
2014-04-28T13:30:00Z,55.63,55.7,54.68,55.49,-0.136347267,-0.877354629,-0.741007362,37.45858153,24.55616835,24.98167085
2014-04-29T13:30:00Z,55.73,56.305,55.57,56.1,-0.061470899,-0.817845986,-0.756375086,42.94143121,26.85349066,25.65331793
2014-04-30T13:30:00Z,56.24,56.35,55.72,55.98,-0.012079829,-0.771474872,-0.759395044,42.15843584,29.66931217,27.02632373
2014-05-01T13:30:00Z,55.92,56.19,55.5,55.72,0.009841449,-0.747093232,-0.756934681,40.43795952,45.05166511,33.85815598
2014-05-02T13:30:00Z,55.83,56.37,55.44,55.58,0.021031732,-0.730645016,-0.751676748,39.50312438,53.91078632,42.87725453
2014-05-05T13:30:00Z,53.88,54.74,53.7,54.22,-0.052996062,-0.817921826,-0.764925764,31.80996769,49.62224818,49.5282332
2014-05-06T13:30:00Z,54.04,54.06,53.32,53.34,-0.145802971,-0.947179477,-0.801376507,28.00896144,27.00749408,43.51350953
2014-05-07T13:30:00Z,53.55,54.12,53.24,54.05,-0.143712772,-0.981017472,-0.8373047,34.78029978,15.33666246,30.65546824
2014-05-08T13:30:00Z,54.2,54.53,54.055,54.36,-0.107451993,-0.971619691,-0.864167698,37.5425825,20.77235985,21.0388388
2014-05-09T13:30:00Z,54.22,54.307,53.675,54.01,-0.093549358,-0.981104395,-0.887555037,35.70394318,28.75399361,21.62100531
2014-05-12T13:30:00Z,54.27,54.7,54.03,54.65,-0.030996469,-0.926300623,-0.895304155,41.35939678,35.14376997,28.22337448
2014-05-13T13:30:00Z,54.74,54.83,54.5,54.62,0.016083143,-0.875200226,-0.891283369,41.17656186,37.91267306,33.93681221
2014-05-14T13:30:00Z,54.64,54.7,54.3,54.36,0.036281695,-0.84593125,-0.882212945,39.54496476,41.6400426,38.23216187
2014-05-15T13:30:00Z,54.2,54.2,53.35,53.51,0.000837762,-0.881165742,-0.882003505,34.70360169,29.49946752,36.35072772
2014-05-16T13:30:00Z,53.42,53.51,52.97,53.31,-0.0261442,-0.914683755,-0.888539555,33.65941354,18.13631523,29.75860845
2014-05-19T13:30:00Z,53.08,53.91,53.06,53.83,-0.000399619,-0.889039078,-0.888639459,38.81422412,14.64010524,20.75862933
2014-05-20T13:30:00Z,53.72,54.04,53.41,53.72,0.016839148,-0.867590524,-0.884429672,38.13910879,19.11764706,17.29802251
2014-05-21T13:30:00Z,54.05,54.6,53.98,54.12,0.060351579,-0.808990198,-0.869341777,42.08402194,27.05882353,20.27219194
2014-05-22T13:30:00Z,54.17,54.6,54.02,54.55,0.119827817,-0.719557006,-0.839384823,46.06581377,46.94286317,31.03977792
2014-05-23T13:30:00Z,54.55,54.585,54.16,54.53,0.157200957,-0.642883627,-0.800084584,45.90772096,67.54691124,47.18286598
2014-05-27T13:30:00Z,54.75,55.4256,54.69,55.14,0.218607976,-0.526824614,-0.74543259,51.38753172,85.72888186,66.73955209
2014-05-28T13:30:00Z,55.09,55.6,55,55.45,0.272216357,-0.405162144,-0.677378501,53.94117193,88.84566232,80.70715181
2014-05-29T13:30:00Z,55.75,55.92,55.39,55.72,0.31495332,-0.283686851,-0.598640171,56.10400825,91.9621194,88.84555453
2014-05-30T13:30:00Z,55.58,55.88,55.31,55.57,0.321114686,-0.197246814,-0.518361499,54.57086139,91.88417005,90.89731726
2014-06-02T13:30:00Z,55.65,55.65,55.02,55.35,0.298829065,-0.144825169,-0.443654233,52.31290868,87.34463277,90.39697407
2014-06-03T13:30:00Z,55.09,55.66,55.09,55.6,0.289194883,-0.08216063,-0.371355513,54.61119833,85.98870056,88.40583446
2014-06-04T13:30:00Z,55.52,55.725,55.25,55.68,0.276487281,-0.025746411,-0.302233692,55.35273637,87.23163842,86.85499058
2014-06-05T13:30:00Z,55.91,56.66,55.49,56.63,0.31741067,0.094529645,-0.222881025,63.06880939,93.40131367,88.87388422
2014-06-06T13:30:00Z,56.76,57.13,56.65,56.97,0.350151435,0.214808268,-0.135343166,65.37517953,95.70673157,92.11322789
2014-06-09T13:30:00Z,56.91,57.665,56.9,57.42,0.382269042,0.342493136,-0.039775906,68.20532267,96.49928536,95.20244354
2014-06-10T13:30:00Z,57.47,57.94,57.39,57.9,0.413355668,0.47691868,0.063563011,70.93438694,96.43358774,96.21320156
2014-06-11T13:30:00Z,57.48,57.79,56.975,57.27,0.370386757,0.526546457,0.1561597,63.2595456,92.04671014,94.99319441
2014-06-12T13:30:00Z,57.07,57.42,56.87,57.04,0.307936649,0.541080511,0.233143863,60.6783648,86.02951282,91.50327023
2014-06-13T13:30:00Z,57.03,57.67,56.88,57.04,0.250526055,0.546301431,0.295775376,60.6783648,77.13544392,85.07055562
2014-06-16T13:30:00Z,56.85,56.95,56.33,56.87,0.187863686,0.530604984,0.342741298,58.62774111,70.70120356,77.95538676
2014-06-17T13:30:00Z,56.79,57.59,56.68,57.42,0.170715011,0.556135062,0.385420051,62.98603187,72.70163844,73.51276197
2014-06-18T13:30:00Z,57.29,57.81,56.95,57.78,0.170477949,0.598517486,0.428039538,65.54455487,80.10592365,74.50292188
2014-06-19T13:30:00Z,57.69,57.69,57.21,57.3,0.126857793,0.586611779,0.459753986,59.6264079,84.93150685,79.24635631
2014-06-20T13:30:00Z,57.69,57.77,57.35,57.55,0.104630357,0.590541932,0.485911575,61.5725483,86.3061764,83.7812023
2014-06-23T13:30:00Z,57.54,58.22,57.24,58.19,0.121627075,0.637945419,0.516318344,66.08023992,87.79596008,86.34454778
2014-06-24T13:30:00Z,57.88,58.12,57.3,57.42,0.07205762,0.606390369,0.534332749,57.36193874,85.33388639,86.47867429
2014-06-25T13:30:00Z,57.22,57.74,56.87,57.53,0.0393596,0.583532249,0.544172649,58.21017619,77.72597773,83.61860806
2014-06-26T13:30:00Z,57.34,57.49,56.6,57.39,0.002906228,0.547805434,0.544899206,56.66507996,63.42423009,75.49469807
2014-06-27T13:30:00Z,57.33,57.7,57.24,57.53,-0.016127658,0.524739634,0.540867292,57.869392,61.02292769,67.39104517
2014-06-30T13:30:00Z,57.44,57.78,57.38,57.62,-0.026399684,0.507867686,0.53426737,58.66467472,62.61022928,62.35246235
2014-07-01T13:30:00Z,57.15,57.99,57.08,57.57,-0.039515773,0.484872654,0.524388427,58.00953283,65.78483245,63.13932981
2014-07-02T13:30:00Z,57.27,57.475,56.82,56.97,-0.088736549,0.413467741,0.50220429,50.69348149,55.90828924,61.43445032
2014-07-03T13:30:00Z,57.23,57.65,57,57.05,-0.114408549,0.359193604,0.473602153,51.57050401,45.85537919,55.84950029
2014-07-07T13:30:00Z,56.89,56.99,56.401,56.67,-0.153070228,0.282264367,0.435334595,47.26953756,28.91533907,43.55966917
2014-07-08T13:30:00Z,56.35,56.47,55.63,55.76,-0.231321362,0.146182893,0.377504255,38.90229466,19.30096279,31.35722701
2014-07-09T13:30:00Z,55.88,56.12,55.61,56.02,-0.255090451,0.058641192,0.313731642,42.0581013,11.83882084,20.01837423
2014-07-10T13:30:00Z,55.06,55.81,54.96,55.56,-0.288832549,-0.047309044,0.241523505,38.28986217,13.04434175,14.72804179
2014-07-11T13:30:00Z,55.29,55.905,55.19,55.8,-0.281726047,-0.110634054,0.171091993,41.24755345,19.96019713,14.94778658
2014-07-14T13:30:00Z,56.53,56.84,56.2,56.29,-0.232792442,-0.119898559,0.112893883,46.8487327,28.75346225,20.58600038
2014-07-15T13:30:00Z,57.95,58.69,57.76,58.27,-0.0645887,0.032158008,0.096746708,62.43369583,52.19847505,33.63737814
2014-07-16T13:30:00Z,58.51,58.98,58.31,58.71,0.071421744,0.186023888,0.114602144,64.89694974,74.70404536,51.88532755
2014-07-17T13:30:00Z,58.56,58.86,57.76,57.86,0.09763659,0.236647881,0.139011291,57.1067422,84.72094398,70.5411548
2014-07-18T13:30:00Z,58.33,58.48,57.9,58.23,0.131294472,0.303129381,0.171834909,59.39184371,82.25538972,80.56012635
2014-07-21T13:30:00Z,58.12,58.41,57.9,58.24,0.144579498,0.352559282,0.207979784,59.45471318,78.35820896,81.77818089
2014-07-22T13:30:00Z,58.42,58.8,58.37,58.67,0.170872682,0.421570636,0.250697954,62.16708644,85.07462687,81.89607518
2014-07-23T13:30:00Z,58.76,59.19,58.52,59,0.197169576,0.497159924,0.299990348,64.14924137,89.79629042,84.40970875
2014-07-24T13:30:00Z,59.07,59.35,58.99,59.17,0.211430052,0.564277914,0.352847861,65.16185212,94.56553455,89.81215061
2014-07-25T13:30:00Z,58.92,59.27,58.84,59.01,0.195857057,0.597669183,0.401812126,63.34828031,94.55439058,92.97207185
2014-07-28T13:30:00Z,58.94,59.26,58.67,59.19,0.18365299,0.631378364,0.447725373,64.54383727,94.83675019,94.65222511
2014-07-29T13:30:00Z,59.13,59.13,58.441,58.64,0.127194782,0.606718851,0.479524069,58.28742116,90.81245254,93.40119777
2014-07-30T13:30:00Z,59.02,59.28,58.61,58.91,0.097999151,0.602023007,0.504023856,60.32080539,89.86843642,91.83921305
2014-07-31T13:30:00Z,58.65,58.68,57.66,57.67,-0.009166376,0.492565887,0.501732263,48.60274324,73.30554095,84.66214331
2014-08-01T13:30:00Z,57.39,57.49,55.97,56.48,-0.156372352,0.306266822,0.462639175,40.47631675,50.39283366,71.18893701
2014-08-04T13:30:00Z,56.91,56.98,56.34,56.65,-0.233809699,0.17037705,0.40418675,41.96905987,27.29125575,50.32987679
2014-08-05T13:30:00Z,56.43,56.6,55.6,56.06,-0.311426553,0.014903559,0.326330112,38.37237994,15.82458909,31.1695595
2014-08-06T13:30:00Z,55.89,56.69,55.83,56.23,-0.335875885,-0.093514744,0.24236114,39.96874268,16.39500329,19.83694938
2014-08-07T13:30:00Z,56.63,56.69,55.68,55.91,-0.356224296,-0.20291923,0.153305066,37.97469202,12.44444444,14.88801227
2014-08-08T13:30:00Z,55.89,56.36,55.64,56.34,-0.324260477,-0.25202053,0.072239947,42.15119911,14.93333333,14.59092702
2014-08-11T13:30:00Z,56.54,56.58,56.17,56.32,-0.289162856,-0.289213623,-5.0767E-05,42.00950946,15.73333333,14.37037037
2014-08-12T13:30:00Z,56.23,56.55,56.13,56.35,-0.25009096,-0.312664467,-0.062573507,42.3227003,19.64444444,16.77037037
2014-08-13T13:30:00Z,56.69,56.84,56.5065,56.72,-0.188308264,-0.297958837,-0.109650573,46.18313176,23.2115942,19.52979066
2014-08-14T13:30:00Z,56.77,57,56.7,56.98,-0.122120381,-0.26230105,-0.140180668,48.77759317,29.3115942,24.05587762
2014-08-15T13:30:00Z,57.24,57.5,56.39,56.75,-0.087633409,-0.249722429,-0.162089021,46.63575348,33.0615942,28.52826087
2014-08-18T13:30:00Z,56.86,57.43,56.76,57.23,-0.029313541,-0.198730947,-0.169417406,51.42912015,37.68115942,33.35144928
2014-08-19T13:30:00Z,57.6,57.72,57.34,57.56,0.031381262,-0.130190829,-0.16157209,54.45785423,46.39328063,39.04534475
2014-08-20T13:30:00Z,57.42,57.85,57.39,57.64,0.074356966,-0.068625883,-0.142982849,55.18738926,66.19883619,50.09109208
2014-08-21T13:30:00Z,57.66,58.77,57.6,58.5,0.153582127,0.04899481,-0.104587317,62.19779211,81.92856005,64.84022562
2014-08-22T13:30:00Z,58.44,59.08,58.33,58.49,0.195503221,0.139791709,-0.055711512,62.0761864,88.39843117,78.84194247
2014-08-25T13:30:00Z,58.98,59.83,58.86,59.34,0.266282874,0.277142081,0.010859207,67.83312392,87.61137204,85.97945442
2014-08-26T13:30:00Z,59.57,59.95,59.385,59.74,0.322115265,0.413503288,0.091388023,70.13099676,88.82635883,88.27872068
2014-08-27T13:30:00Z,59.85,59.95,59.53,59.59,0.329818295,0.503660892,0.173842597,68.16450847,91.69347709,89.37706932
2014-08-28T13:30:00Z,59.25,59.37,58.81,59.16,0.2883303,0.534255472,0.245925172,62.73393421,88.69810457,89.7393135
2014-08-29T13:30:00Z,59.34,59.65,59.23,59.45,0.263476747,0.575271105,0.311794358,64.77231705,85.95923276,88.78360481
2014-09-02T13:30:00Z,59.46,59.71,59.15,59.67,0.245284452,0.618399923,0.373115471,66.27919975,86.12173265,86.92635666
2014-09-03T13:30:00Z,60.02,60.37,59.46,59.7,0.219536564,0.647536177,0.427999612,66.48970208,87.40388512,86.49495018
2014-09-04T13:30:00Z,59.63,60.14,59.43,59.71,0.188626004,0.663782117,0.475156113,66.56462741,86.23924868,86.58828882
2014-09-05T13:30:00Z,59.62,59.91,59.22,59.91,0.167795402,0.684900365,0.517104964,68.10081622,84.61351077,86.08554819
2014-09-08T13:30:00Z,59.84,60.22,59.74,59.89,0.139952371,0.692045428,0.552093057,67.76551752,84.944373,85.26571081
2014-09-09T13:30:00Z,59.63,59.68,58.78,59.06,0.057162376,0.623546027,0.566383651,55.54343824,75.81876734,81.79221704
2014-09-10T13:30:00Z,59.15,59.56,58.92,59.22,0.00732188,0.575536001,0.568214121,57.14792012,66.2274796,75.66353998
2014-09-11T13:30:00Z,59.18,59.84,58.97,59.76,0.004980236,0.574439416,0.56945918,62.11726088,61.54068739,67.86231145
2014-09-12T13:30:00Z,59.8,60.41,59.75,60.03,0.015290586,0.588572412,0.573281826,64.34373383,68.4229701,65.3970457
2014-09-15T13:30:00Z,59.78,59.99,59.45,59.94,0.009981264,0.585758406,0.575777142,63.01426442,72.65026665,67.53797471
2014-09-16T13:30:00Z,59.71,60.2,59.62,59.99,0.004071883,0.580866996,0.576795113,63.46589438,74.02862986,71.7006222
2014-09-17T13:30:00Z,59.95,60.59,59.82,60.31,0.015317664,0.595942193,0.580624529,66.30196911,76.64305325,74.44064992
2014-09-18T13:30:00Z,60.54,61.4,60.54,61.32,0.080725722,0.681531681,0.600805959,73.33723421,85.23669349,78.63612553
2014-09-19T13:30:00Z,61.74,61.85,60.98,61.11,0.098611307,0.724070093,0.625458786,70.06200925,85.7909057,82.55688414
2014-09-22T13:30:00Z,60.94,61.45,60.8,60.91,0.086186557,0.733191982,0.647005425,66.99338364,80.74114595,83.92291505
2014-09-23T13:30:00Z,60.82,61.4,60.77,60.94,0.069896827,0.734376459,0.664479632,67.22527062,71.87839305,79.47014823
2014-09-24T13:30:00Z,61.18,61.64,61.02,61.63,0.093998887,0.781978241,0.687979354,72.08322217,77.52442997,76.71465632
2014-09-25T13:30:00Z,61.49,61.5,60.15,60.15,0.003455695,0.692298973,0.688843278,53.69798106,69.27252986,72.89178429
2014-09-26T13:30:00Z,60.33,60.88,60.32,60.56,-0.033590987,0.646854544,0.680445531,56.97208362,65.1465798,70.64784654
2014-09-29T13:30:00Z,60.03,60.5,59.73,60.33,-0.075931789,0.585530794,0.661462583,54.63800311,50.24291003,61.55400656
2014-09-30T13:30:00Z,60.4,60.74,60.13,60.24,-0.110263732,0.523632919,0.63389665,53.71071641,50.06684838,55.15211274
2014-10-01T13:30:00Z,60.24,60.4,59.73,59.77,-0.161775538,0.431677228,0.593452766,49.03089712,35.18447415,45.16474419
2014-10-02T13:30:00Z,59.15,59.49,58.61,58.84,-0.250342422,0.280524738,0.53086716,41.35296056,21.50977366,35.58703206
2014-10-03T13:30:00Z,59.25,60.385,59.05,60.3,-0.204397091,0.275370796,0.479767888,53.62939016,24.19753086,26.96392623
2014-10-06T13:30:00Z,60.78,60.8,60,60.18,-0.176916687,0.258622029,0.435538716,52.65379699,35.90534979,27.20421811
2014-10-07T13:30:00Z,59.92,59.92,59.185,59.27,-0.212463034,0.169959924,0.382422957,45.84319362,40.32921811,33.47736626
2014-10-08T13:30:00Z,59.36,60.43,59.18,60.4,-0.154977649,0.188700896,0.343678545,53.82944105,41.35802469,39.19753086
2014-10-09T13:30:00Z,60.33,60.33,58.89,59.08,-0.198195307,0.095934411,0.294129718,45.40610487,30.37627837,37.35450706
2014-10-10T13:30:00Z,59.03,59.82,58.51,58.52,-0.253312989,-0.022511518,0.230801471,42.37648609,23.69265118,31.80898475
2014-10-13T13:30:00Z,58.5,59.145,58.11,58.16,-0.29965913,-0.143772442,0.155886689,40.50543274,5.749156856,19.93936214
2014-10-14T13:30:00Z,56.69,58.52,56.06,57.99,-0.325269559,-0.25070026,0.074569299,39.61590016,12.4046202,13.94880941
2014-10-15T13:30:00Z,57.02,57.38,54.26,55.53,-0.481941799,-0.52785795,-0.045916151,29.51496253,18.69288727,12.28222144
2014-10-16T13:30:00Z,54.75,55.98,54.28,55.08,-0.583176078,-0.774886249,-0.191710171,28.10335978,22.4001525,17.83255332
2014-10-17T13:30:00Z,55.73,56.78,55.57,56.2,-0.542833141,-0.870251597,-0.327418456,36.2726831,20.46204163,20.51836047
2014-10-20T13:30:00Z,56.1,56.7472,56.07,56.63,-0.458664152,-0.900748646,-0.442084494,39.13224743,26.14678899,23.00299437
2014-10-21T13:30:00Z,57.23,58.01,57.08,57.93,-0.294871365,-0.8106737,-0.515802335,46.89115649,40.67278287,29.09387117
2014-10-22T13:30:00Z,58.04,58.26,57.44,57.45,-0.202681582,-0.769154313,-0.566472731,44.62904723,47.04383282,37.95446823
2014-10-23T13:30:00Z,58.12,58.6,57.935,58.06,-0.09018071,-0.679198619,-0.589017908,48.05839316,54.33231397,47.34964322
2014-10-24T13:30:00Z,58,58.775,58,58.74,0.033826054,-0.546735341,-0.580561395,51.65308625,59.83004476,53.73539718
2014-10-27T13:30:00Z,58.45,58.79,58.25,58.64,0.108688975,-0.444700177,-0.553389151,51.09309095,67.23401021,60.46545631
2014-10-28T13:30:00Z,58.87,59.69,58.81,59.63,0.218138578,-0.280715929,-0.498854507,56.16037047,77.35530997,68.13978831
2014-10-29T13:30:00Z,59.62,59.78,58.76,59.29,0.25815424,-0.176161707,-0.434315947,54.087694,83.30805182,75.96579067
2014-10-30T13:30:00Z,58.94,59.68,58.92,59.39,0.280043751,-0.084261258,-0.364305009,54.61819848,90.62342777,83.76226319
2014-10-31T13:30:00Z,60.12,60.54,59.87,60.48,0.35196587,0.075652328,-0.276313542,60.03838419,94.14899817,89.36015925
2014-11-03T14:30:00Z,60.79,61.15,60.36,60.88,0.406640791,0.231987447,-0.174653344,61.83959121,96.02021527,93.59754707
2014-11-04T14:30:00Z,60.24,60.37,59.42,60.25,0.380980343,0.301572085,-0.079408258,57.44763514,94.00847551,94.72589631
2014-11-05T14:30:00Z,60.8,61.23,60.39,61.15,0.4030851,0.424448117,0.021363017,61.63910852,93.85580432,94.62816503
2014-11-06T14:30:00Z,61.08,61.3101,60.63,61.23,0.400720197,0.522263263,0.121543066,61.9974425,94.65251299,94.17226427
2014-11-07T14:30:00Z,61.07,61.55,60.86,61.47,0.392439661,0.612092642,0.219652982,63.11072495,98.42275549,95.64369094
2014-11-10T14:30:00Z,61.25,61.93,61.2,61.93,0.394030837,0.712191528,0.318160691,65.21414722,98.89389802,97.3230555
2014-11-11T14:30:00Z,61.71,61.89,61.29,61.37,0.335733906,0.737828073,0.402094167,60.67814245,94.73092298,97.34919216
2014-11-12T14:30:00Z,60.42,60.84,60.23,60.56,0.226236669,0.684890003,0.458653334,54.74656466,83.70747574,92.44409891
2014-11-13T14:30:00Z,60.5,60.63,59.99,60.23,0.120504938,0.609284507,0.488779569,52.4950742,68.30892501,82.24910791
2014-11-14T14:30:00Z,60.25,60.62,60.18,60.28,0.046652043,0.547094623,0.50044258,52.81173043,55.63127458,69.21589178
2014-11-17T14:30:00Z,60,60.53,59.89,60.38,-0.000263771,0.500112866,0.500376637,53.47962404,50.95265853,58.29761937
2014-11-18T14:30:00Z,60.35,60.82,60.2,60.53,-0.024645056,0.469570317,0.494215373,54.51948332,50.84733328,52.4770888
2014-11-19T14:30:00Z,60.45,60.79,60.15,60.6,-0.038673269,0.445873786,0.484547056,55.02472209,50.53480841,50.77826674
2014-11-20T14:30:00Z,60.2,60.25,59.75,60.12,-0.080488566,0.383936347,0.464424914,50.85299668,42.79625683,48.05946618
2014-11-21T14:30:00Z,61.07,61.07,60.3,60.45,-0.085652485,0.357359307,0.443011793,53.46512094,38.64541833,43.99216119
2014-11-24T14:30:00Z,60.7,61.305,60.7,60.96,-0.05589093,0.37314813,0.42903906,57.24697334,41.47629665,40.97265727
2014-11-25T14:30:00Z,61.16,61.16,59.95,60.3,-0.080338194,0.328616317,0.408954512,51.42272945,40.58993384,40.23721627
2014-11-26T14:30:00Z,60.57,60.57,60.2,60.34,-0.092625459,0.293172688,0.385798147,51.74316932,35.93272171,39.33298407
2014-11-28T14:30:00Z,60.4,60.56,60.03,60.16,-0.110475726,0.24770349,0.358179215,50.14030194,23.70030581,33.40765379
2014-12-01T14:30:00Z,59.98,60.21,59.55,60,-0.129348885,0.196493109,0.325841994,48.69628414,21.70077629,27.11126794
2014-12-02T14:30:00Z,60.01,61.19,60,61.08,-0.068445096,0.240285624,0.30873072,57.57746435,41.73919862,29.04676024
2014-12-03T14:30:00Z,60.96,61.62,60.81,61.54,-0.000142289,0.308552859,0.308695148,60.69817391,67.51517404,43.65171631
2014-12-04T14:30:00Z,61.1,61.57,60.84,61.38,0.029650905,0.345758779,0.316107874,59.07047517,90.57351666,66.60929644
2014-12-05T14:30:00Z,62.01,63.06,61.88,62.7,0.128127773,0.476267591,0.348139817,66.94572981,91.42821752,83.17230274
2014-12-08T14:30:00Z,62.6,63.16,62.26,62.67,0.178046043,0.570697371,0.392651328,66.63193746,88.19199321,90.0645758
2014-12-09T14:30:00Z,61.85,62.85,61.56,62.45,0.182380766,0.620627286,0.43824652,64.25344385,85.50086417,88.37369163
2014-12-10T14:30:00Z,62.16,62.24,60.37,60.68,0.058584311,0.511476908,0.452892597,49.0753236,66.02031394,79.90439044
2014-12-11T14:30:00Z,61.17,62.06,61.11,61.14,0.003147194,0.45682659,0.453679396,52.23334902,51.89289012,67.80468941
2014-12-12T14:30:00Z,60.53,61.22,59.96,60.04,-0.106100236,0.321054101,0.427154337,45.04036949,29.6398892,49.18436442
2014-12-15T14:30:00Z,60.74,60.81,58.79,59.16,-0.229066288,0.140821477,0.369887765,40.26346292,22.02818258,34.52032063
2014-12-16T14:30:00Z,58.42,59.86,58.11,58.43,-0.344090084,-0.06022484,0.283865244,36.77875269,9.458953363,20.37567505
2014-12-17T14:30:00Z,58.57,59.83,58.34,59.77,-0.315219276,-0.110158851,0.205060425,46.01499492,15.89158,15.79290532
2014-12-18T14:30:00Z,60.64,61.48,60.44,61.48,-0.17334059,-0.011615312,0.161725277,55.04150747,35.31353135,20.22135491
2014-12-19T14:30:00Z,61.4,62.35,61.37,61.93,-0.048083447,0.101620969,0.149704416,57.07551709,58.41584158,36.54031765
2014-12-22T14:30:00Z,62.16,62.33,61.61,61.94,0.032219267,0.1899785,0.157759233,57.12194173,72.73927393,55.48954895
2014-12-23T14:30:00Z,62.05,62.97,61.93,62.48,0.113885743,0.300116411,0.186230668,59.65920958,79.33993399,70.1650165
2014-12-24T14:30:00Z,62.74,62.87,62.27,62.48,0.1574048,0.382986668,0.225581868,59.65920958,82.97029703,78.34983498
2014-12-26T14:30:00Z,62.67,62.89,62.41,62.55,0.178840931,0.449133032,0.270292101,60.01492506,86.99669967,83.10231023
2014-12-29T14:30:00Z,62.42,63.34,62.25,62.96,0.206602587,0.528545334,0.321942748,62.12170551,89.06322372,86.34340681
2014-12-30T14:30:00Z,62.72,63.28,62.57,63.15,0.222362871,0.599896337,0.377533466,63.09220191,92.34071017,89.46687785
2014-12-31T14:30:00Z,63.3,63.49,62.58,62.58,0.180766514,0.603491608,0.422725094,58.2688813,90.72894676,90.71096022
2015-01-02T14:30:00Z,62.62,62.96,62.07,62.49,0.13562115,0.592251532,0.456630382,57.52114187,86.95508469,90.00824721
2015-01-05T14:30:00Z,62.06,62.28,60.23,60.55,-0.027753854,0.421938064,0.449691918,44.31892824,69.95043371,82.54482172
2015-01-06T14:30:00Z,60.64,60.75,58.35,58.98,-0.232992726,0.15845101,0.391443737,36.93142154,47.64560099,68.18370646
2015-01-07T14:30:00Z,59.89,59.89,58.665,59.07,-0.347243739,-0.042610938,0.304632802,37.57381773,25.23297362,47.60966944
2015-01-08T14:30:00Z,59.97,60.9,59.97,60.39,-0.319188933,-0.094353365,0.224835568,46.22518832,23.34482565,32.07446675
2015-01-09T14:30:00Z,60.72,60.79,59.29,59.34,-0.353930643,-0.217577736,0.136352908,41.31976962,24.37472454,24.31750794
2015-01-12T14:30:00Z,59.28,59.4,58.27,58.83,-0.390942557,-0.352325288,0.038617268,39.14677361,23.22579523,23.64844847
2015-01-13T14:30:00Z,59.26,59.7,58.37,58.84,-0.393360942,-0.453083909,-0.059722967,39.21427569,13.63606999,20.41219659
2015-01-14T14:30:00Z,56.91,57,55.27,56.81,-0.503261483,-0.68879982,-0.185538338,31.56074968,13.46076759,16.77421094
2015-01-15T14:30:00Z,55.73,56.61,54.5,54.99,-0.660219845,-1.010813144,-0.350593299,26.55641017,11.70161132,12.9328163
2015-01-16T14:30:00Z,54.66,56,54.64,55.93,-0.660803594,-1.176597791,-0.515794197,32.50875451,13.3639522,12.84211037
2015-01-20T14:30:00Z,56.04,56.39,55.4232,55.71,-0.635866549,-1.310627384,-0.674760835,31.857978,11.60548758,12.2236837
2015-01-21T14:30:00Z,55.45,56.42,55.19,55.89,-0.569264472,-1.386341424,-0.817076953,33.03908014,14.94252874,13.3039895
2015-01-22T14:30:00Z,56.38,57.73,55.955,57.59,-0.381738633,-1.294250244,-0.912511611,43.07459521,21.81528202,16.12109944
2015-01-23T14:30:00Z,57.72,57.87,56.66,56.68,-0.29394458,-1.279942336,-0.985997756,39.64906094,26.66900409,21.14227162
2015-01-26T14:30:00Z,56.41,56.99,56.2,56.77,-0.208775165,-1.246966712,-1.038191547,40.15595113,33.33804608,27.27411073
2015-01-27T14:30:00Z,56.05,56.61,55.755,56.2,-0.17135936,-1.252390748,-1.081031387,37.98022412,30.01727185,30.00810734
2015-01-28T14:30:00Z,56.62,56.68,54.75,54.75,-0.221604974,-1.358037605,-1.136432631,33.07132694,21.97916667,28.4448282
2015-01-29T14:30:00Z,55.27,55.89,54.68,55.67,-0.172408162,-1.351942833,-1.179534671,38.50243957,16.35656797,22.78433549
2015-01-30T14:30:00Z,54.99,55.495,54.37,54.38,-0.204105827,-1.434666955,-1.230561128,34.29951893,7.564940385,15.30022501
2015-02-02T14:30:00Z,54.53,55.65,54.27,55.47,-0.1324937,-1.396178253,-1.263684553,40.23593761,13.62933956,12.5169493
2015-02-03T14:30:00Z,55.91,56.78,55.87,56.72,0.010629784,-1.250397323,-1.261027107,46.2355026,30.11420678,17.10282891
2015-02-04T14:30:00Z,56.32,57.07,56.28,56.38,0.089578117,-1.149054461,-1.238632578,44.91474778,49.58870473,31.11075035
2015-02-05T14:30:00Z,56.86,57.04,56.46,56.77,0.170546836,-1.025449033,-1.195995869,46.79229773,65.37037037,48.35776062
2015-02-06T14:30:00Z,57.75,58.73,57.54,57.89,0.294735562,-0.827576416,-1.122311978,51.86622439,69.74049161,61.56652224
2015-02-09T14:30:00Z,57.42,58.095,57.23,57.82,0.362888793,-0.668700987,-1.03158978,51.53544351,76.73559209,70.61548469
2015-02-10T14:30:00Z,58.42,58.7082,58.05,58.46,0.436830799,-0.485551281,-0.92238208,54.39894412,84.90284006,77.12630792
2015-02-11T14:30:00Z,58.06,58.655,57.84,58.37,0.462942415,-0.343704061,-0.806646476,53.91650558,88.49028401,83.37623872
2015-02-12T14:30:00Z,58.93,59.71,58.55,59.57,0.538975703,-0.132926848,-0.671902551,59.12202762,94.43363668,89.27558692
2015-02-13T14:30:00Z,59.46,60.22,59.34,59.67,0.570885271,0.041704038,-0.529181233,59.53226125,93.37034141,92.09808737
2015-02-17T14:30:00Z,59.36,60.14,59.315,60.1,0.593224861,0.212349843,-0.380875018,61.32937768,95.38865546,94.39754452
2015-02-18T14:30:00Z,59.79,59.8324,59.12,59.37,0.533014526,0.285393139,-0.247621386,56.72392191,91.48459384,93.41453024
2015-02-19T14:30:00Z,59.15,59.48,58.8,59.23,0.460657396,0.328200358,-0.132457037,55.85760611,89.01960784,91.96428571
2015-02-20T14:30:00Z,58.96,59.89,58.35,59.8,0.428740581,0.403468688,-0.025271892,58.62803877,87.33893557,89.28104575
2015-02-23T14:30:00Z,59.5,59.53,58.8,59.35,0.3577729,0.421944232,0.064171333,55.65813285,85.43417367,87.26423903
2015-02-24T14:30:00Z,60.25,61.25,60.08,60.82,0.387763614,0.54887585,0.161112236,62.36498749,88.09642167,86.9565103
2015-02-25T14:30:00Z,60.76,61.27,60.75,61.14,0.405186826,0.667595768,0.262408943,63.65377568,89.54846194,87.69301909
2015-02-26T14:30:00Z,61.03,61.7,60.91,61.58,0.420554234,0.788101735,0.367547501,65.40787471,95.32027402,90.98838588
2015-02-27T14:30:00Z,61.13,61.92,61.13,61.28,0.385643921,0.849602402,0.463958481,63.16938692,93.65555937,92.84143178
2015-03-02T14:30:00Z,61.24,61.83,61.03,61.77,0.370587556,0.927192926,0.55660537,65.26063737,93.33097007,94.10226782
2015-03-03T14:30:00Z,61.65,61.99,61.5,61.97,0.349412773,0.993371337,0.643958564,66.10656134,94.06518209,93.68390384
2015-03-04T14:30:00Z,61.64,62.17,61.3525,62.13,0.322164014,1.046663581,0.724499567,66.80300019,98.26482709,95.22032642
2015-03-05T14:30:00Z,62.2,62.23,61.6,62,0.273295229,1.066118603,0.792823374,65.62313501,97.51437227,96.61479382
2015-03-06T14:30:00Z,62.16,62.87,60.8,60.89,0.150273008,0.980664634,0.830391626,56.45459792,83.07324493,92.95081477
2015-03-09T13:30:00Z,60.84,61.63,60.8,61.5,0.096645756,0.951198821,0.854553065,59.78022996,73.31904023,84.63555248
2015-03-10T13:30:00Z,60.76,61.01,59.96,59.96,-0.048103096,0.794424195,0.842527291,49.50176728,53.83480826,70.07569781
2015-03-11T13:30:00Z,60.13,60.65,59.955,60.24,-0.126119443,0.684877988,0.810997431,51.14647409,49.04129794,58.73171548
2015-03-12T13:30:00Z,60.65,61.45,60.65,61.37,-0.103686937,0.68138876,0.785075696,57.20430918,46.85953049,49.91187889
2015-03-13T13:30:00Z,61.4,61.86,60.4301,61,-0.114961157,0.64137425,0.756335407,54.80783822,46.93605968,47.61229603
2015-03-16T13:30:00Z,61.5,61.92,61.25,61.85,-0.068651517,0.670521011,0.739172528,59.05187669,54.66753203,49.4877074
2015-03-17T13:30:00Z,61.34,61.66,60.92,61.61,-0.05808184,0.666570228,0.724652068,57.41242331,52.54431103,51.38263425
2015-03-18T13:30:00Z,61.39,62.05,61.085,61.75,-0.046084267,0.667046734,0.713131001,58.14245316,61.12064037,56.11082781
2015-03-19T13:30:00Z,61.57,61.65,60.76,61.2,-0.077749802,0.615943749,0.693693551,54.21090429,53.68782161,55.78425767
2015-03-20T13:30:00Z,61.32,62.1,61.15,61.75,-0.064745929,0.61276114,0.677507068,57.31896806,55.28873642,56.69906613
2015-03-23T13:30:00Z,61.75,62.08,61.12,61.14,-0.098306742,0.554623641,0.652930383,53.02041029,48.3133219,52.42995998
2015-03-24T13:30:00Z,60.97,61.24,60.45,60.46,-0.163537261,0.448508807,0.612046068,48.64123103,39.85134362,47.81780065
2015-03-25T13:30:00Z,60.53,60.64,59.59,59.61,-0.255674514,0.292452925,0.548127439,43.77421575,19.52858079,35.89774877
2015-03-26T13:30:00Z,59.46,59.79,58.87,59.54,-0.309485889,0.161270078,0.470755967,43.38917795,12.89232513,24.09074985
2015-03-27T13:30:00Z,59.49,59.78,59,59.55,-0.33064367,0.057451379,0.388095049,43.46568189,14.13514058,15.51868217
2015-03-30T13:30:00Z,60.88,61.46,60.61,60.96,-0.240127352,0.087935859,0.328063211,53.0915373,35.500516,20.84266057
2015-03-31T13:30:00Z,60.72,60.94,60.42,60.58,-0.198047207,0.080504202,0.278551409,50.59145935,46.23323013,31.95629557
2015-04-01T13:30:00Z,60.41,60.57,59.73,59.95,-0.204034854,0.023507842,0.227542696,46.66783401,50.36119711,44.03164775
2015-04-02T13:30:00Z,60.07,60.7,60,60.52,-0.162790346,0.024054764,0.18684511,50.41481309,45.82043344,47.47162023
2015-04-06T13:30:00Z,59.92,60.75,59.65,60.47,-0.133299662,0.020220532,0.153520194,50.08241604,44.68524252,46.95562436
2015-04-07T13:30:00Z,61.15,61.5,60.85,60.85,-0.084976587,0.04729946,0.132276047,52.63820739,53.97316821,48.15961472
2015-04-08T13:30:00Z,61.06,61.56,60.94,61.05,-0.038676409,0.083930536,0.122606945,53.97390172,59.44272446,52.7003784
2015-04-09T13:30:00Z,61.27,61.575,60.83,61.47,0.018056762,0.145177897,0.127121135,56.73343325,69.7626419,61.05951152
2015-04-10T13:30:00Z,61.35,61.78,61.2,61.7,0.066188572,0.20985685,0.143668278,58.21103056,78.71653662,69.30730099
2015-04-13T13:30:00Z,61.64,62.27,61.5,62.07,0.115189683,0.287655383,0.172465699,60.5453507,87.59166562,78.69028138
2015-04-14T13:30:00Z,62.96,63.61,62.74,63.04,0.200194994,0.422709442,0.222514448,65.92003103,90.08477479,85.46432568
2015-04-15T13:30:00Z,63.08,64.48,63.01,64.21,0.315618169,0.617037159,0.30141899,71.04385303,92.42649879,90.03431307
2015-04-16T13:30:00Z,64.08,64.27,63.66,63.81,0.343142907,0.730347624,0.387204717,67.3175192,90.31185732,90.94104363
2015-04-17T13:30:00Z,63.25,63.4,62.49,62.84,0.276973557,0.733421663,0.456448106,59.20739291,83.00214569,88.58016726
2015-04-20T13:30:00Z,63.22,63.52,63.14,63.24,0.242346194,0.759380848,0.517034654,61.27905266,76.04879781,83.1209336
2015-04-21T13:30:00Z,63.33,63.6,62.13,62.31,0.143874112,0.696877294,0.553003182,54.36597003,65.14837819,74.73310723
2015-04-22T13:30:00Z,62.65,63.15,62.03,62.94,0.109775103,0.690222061,0.580446958,57.83607802,65.83850932,69.01189511
2015-04-23T13:30:00Z,62.79,63.21,62.6,62.8,0.068421616,0.665973978,0.597552362,56.80238191,62.80193237,64.59627329
2015-04-24T13:30:00Z,62.63,62.84,62.34,62.6,0.020703974,0.62343233,0.602728356,55.28230066,60.60882801,63.0830899
2015-04-27T13:30:00Z,62.7,63.15,62.31,62.34,-0.032377408,0.562256595,0.594634004,53.2859315,51.69346833,58.36807624
2015-04-28T13:30:00Z,62.49,62.78,61.77,62.76,-0.042568259,0.54142368,0.583991939,56.04715978,47.57990868,53.29406834
2015-04-29T13:30:00Z,62.56,63.89,62.46,63.6,0.001558506,0.585940072,0.584381565,61.01093514,55.80576902,51.69304868
2015-04-30T13:30:00Z,63.58,63.88,62.92,63.26,0.002108907,0.5870177,0.584908792,58.14842242,61.70261557,55.02943109
2015-05-01T13:30:00Z,63.7,63.87,63.33,63.61,0.019347016,0.609092563,0.589745546,60.21763066,66.70927112,61.40588524
2015-05-04T13:30:00Z,63.68,64.87,63.64,64.72,0.094598336,0.707993466,0.61339513,65.96487129,74.03945732,67.48378134
2015-05-05T13:30:00Z,64.51,65.32,64.29,64.4,0.110791545,0.751884562,0.641093017,63.1332288,79.04749211,73.26540685
2015-05-06T13:30:00Z,64.53,65.07,63.42,63.92,0.078656058,0.739413089,0.660757031,59.03927746,76.60305922,76.56333622
2015-05-07T13:30:00Z,63.67,64.595,63.25,64.5,0.085381126,0.767483438,0.682102313,62.2267095,70.51643192,75.38899442
2015-05-08T13:30:00Z,64.97,65.65,64.6,65.49,0.142081339,0.859703986,0.717622647,66.95373163,77.78035913,74.96661676
2015-05-11T13:30:00Z,65.26,65.64,65.075,65.45,0.16107666,0.918968473,0.757891812,66.59113089,89.20768598,79.16815901
2015-05-12T13:30:00Z,65.31,65.54,64.76,65.36,0.15188551,0.9477487,0.79586319,65.72859838,94.41580756,87.13461756
2015-05-13T13:30:00Z,65.42,65.63,65.06,65.52,0.14111768,0.972260289,0.83114261,66.55790422,94.67353952,92.76567769
2015-05-14T13:30:00Z,65.83,66.18,65.71,66.05,0.153216983,1.022663839,0.869446856,69.2153119,95.40913731,94.83282813
2015-05-15T13:30:00Z,66.13,66.16,65.435,65.88,0.133993121,1.036938257,0.902945136,67.36619465,95.63297255,95.23854979
2015-05-18T13:30:00Z,65.8,66.54,65.8,66.42,0.141149396,1.079381881,0.938232485,70.09882016,95.76941888,95.60384291
2015-05-19T13:30:00Z,66.77,67.1899,66.57,67.01,0.167334261,1.147400311,0.98006605,72.78066048,95.34762967,95.58334037
2015-05-20T13:30:00Z,66.95,67.03,66.4,66.48,0.132216052,1.145336114,1.013120063,66.96990235,91.60912876,94.24205911
2015-05-21T13:30:00Z,66.14,66.68,66.01,66.65,0.104886235,1.144227857,1.039341622,67.85638305,88.02172309,91.65949384
2015-05-22T13:30:00Z,66.63,66.83,66.32,66.47,0.061295467,1.115960956,1.054665488,65.84142091,83.33544845,87.65543343
2015-05-26T13:30:00Z,66.2,66.29,65.31,65.73,-0.026079847,1.02206568,1.048145527,58.19114679,76.99010973,82.78242709
2015-05-27T13:30:00Z,65.95,66.65,65.82,66.47,-0.041808523,0.995884873,1.037693396,62.84087877,75.46722844,78.59759554
2015-05-28T13:30:00Z,66.36,66.4,65.74,66.2,-0.076166503,0.942485267,1.01865177,60.20974354,68.81738991,73.75824269
2015-05-29T13:30:00Z,66.18,66.22,65.36,65.78,-0.129798918,0.856403123,0.986202041,56.2633812,61.82781526,68.70414454
2015-06-01T13:30:00Z,65.99,66.66,65.97,66.08,-0.146456119,0.803131892,0.949588011,58.36265855,52.6929021,61.11270242
2015-06-02T13:30:00Z,65.83,66.39,65.58,66.02,-0.161705331,0.747456347,0.909161678,57.76547526,47.12426596,53.88166111
2015-06-03T13:30:00Z,66.43,67.13,66.27,66.7,-0.127679023,0.7495629,0.877241923,62.45440682,57.77862166,52.53192991
2015-06-04T13:30:00Z,66.31,67.05,66.01,66.33,-0.13126903,0.713155636,0.844424665,58.63958165,57.75694901,54.21994555
2015-06-05T13:30:00Z,67.37,67.84,67.01,67.42,-0.064775042,0.763455863,0.828230905,65.35355598,70.53250597,62.02269222
2015-06-08T13:30:00Z,67.46,67.55,66.81,66.89,-0.061076469,0.751885319,0.812961788,60.23358476,66.7026692,64.99737473
2015-06-09T13:30:00Z,66.95,67.27,66.47,67.18,-0.04446104,0.757385487,0.801846528,61.98836084,73.25428195,70.16315237
2015-06-10T13:30:00Z,67.59,68.495,67.47,68.26,0.029896705,0.839217409,0.809320704,67.70399594,76.32843347,72.09512821
2015-06-11T13:30:00Z,68.36,68.68,68.15,68.52,0.084149635,0.914507747,0.830358112,68.91577171,87.26231102,78.94834215
2015-06-12T13:30:00Z,68.31,68.54,67.87,68.25,0.088942071,0.941535702,0.85259363,66.14043538,91.70474855,85.09849768
2015-06-15T13:30:00Z,67.58,68.21,67.3,67.99,0.062917861,0.931240957,0.868323096,63.48894899,87.23648302,88.7345142
2015-06-16T13:30:00Z,67.77,68.52,67.6201,68.37,0.059642509,0.942876232,0.883233723,65.65599543,85.70662472,88.2159521
2015-06-17T13:30:00Z,68.41,68.68,68.035,68.14,0.031732687,0.922899581,0.891166895,63.21052615,84.53815261,85.82708678
2015-06-18T13:30:00Z,68.35,68.82,67.9,68.78,0.045294577,0.947785116,0.902490539,66.90449826,91.05434082,87.09970605
2015-06-19T13:30:00Z,68.46,68.67,67.92,68.08,-0.001479708,0.900640904,0.902120612,59.82859934,86.55362189,87.38203844
2015-06-22T13:30:00Z,68.87,69.29,68.75,68.96,0.017215728,0.923640272,0.906424544,64.86008586,88.62165011,88.74320427
2015-06-23T13:30:00Z,69.35,69.82,69.19,69.75,0.070183443,0.994153848,0.923970405,68.65558276,88.42074929,87.86534043
2015-06-24T13:30:00Z,69.51,69.77,68.91,69.02,0.044692892,0.97983652,0.935143628,61.99232904,88.07371901,88.37203947
2015-06-25T13:30:00Z,69.32,69.475,68.635,68.65,-0.005765028,0.927937343,0.933702371,58.87348414,79.7855865,85.42668494
2015-06-26T13:30:00Z,68.94,69.29,68.765,68.95,-0.02645595,0.900632434,0.927088383,60.60413965,71.74129353,79.86686635
2015-06-29T13:30:00Z,67.68,68.26,67.16,67.2,-0.158170754,0.729374941,0.887545695,47.93278952,46.86941234,66.13209746
2015-06-30T13:30:00Z,67.89,68.11,67.16,67.76,-0.204789162,0.631559243,0.836348405,51.43226619,32.69666704,50.43579097
2015-07-01T13:30:00Z,68.12,68.39,67.78,68.07,-0.211114643,0.5724551,0.783569744,53.30330703,19.4235589,32.99654609
2015-07-02T13:30:00Z,67.95,68.13,67.185,67.52,-0.246255725,0.475750087,0.722005812,49.64879168,23.43358396,25.1846033
2015-07-06T13:30:00Z,66.88,67.46,66.54,67.33,-0.274080088,0.379405703,0.653485791,48.41392098,23.94324225,22.26679504
2015-07-07T13:30:00Z,67.09,67.22,65.3,66.8,-0.316933195,0.257319297,0.574252492,45.04806235,23.60168038,23.6595022
2015-07-08T13:30:00Z,66,66.16,65.205,65.43,-0.41984408,0.049447391,0.469291472,37.74345822,20.71553762,22.75348675
2015-07-09T13:30:00Z,66.49,66.7034,65.99,66.11,-0.423220139,-0.059733702,0.363486437,42.70914057,19.22373816,21.18031872
2015-07-10T13:30:00Z,67.22,67.4,66.825,67.05,-0.34647552,-0.069607963,0.276867557,48.78984204,21.48790177,20.47572585
2015-07-13T13:30:00Z,67.89,68.14,67.68,68.09,-0.216364439,0.006412008,0.222776447,54.53892077,40.70061394,27.13741796
2015-07-14T13:30:00Z,67.98,69.1,67.76,69.04,-0.064875382,0.14168222,0.206557602,59.06021384,62.16687888,41.4517982
2015-07-15T13:30:00Z,69.23,69.43,68.85,69.19,0.041165402,0.258014354,0.216848952,59.74104243,79.94927735,60.93892339
2015-07-16T13:30:00Z,69.63,69.95,69.41,69.56,0.127107318,0.375733099,0.248625782,61.44428356,89.70503706,77.2737311
2015-07-17T13:30:00Z,69.35,69.49,68.92,69.21,0.149708014,0.435760799,0.286052785,58.90552923,89.8369951,86.49710317
2015-07-20T13:30:00Z,69.5,69.766,69.18,69.26,0.156608745,0.481813717,0.325204971,59.16510092,87.21461187,88.91888134
2015-07-21T13:30:00Z,69.16,69.54,68.87,69.1,0.139548643,0.499640775,0.360092132,57.90466109,83.98314015,87.01158237
2015-07-22T13:30:00Z,69.28,70.2901,69.2,70.08,0.18079875,0.58609057,0.40529182,63.09119548,87.80436839,86.33404014
2015-07-23T13:30:00Z,70.19,70.61,69.46,69.64,0.165401009,0.612043081,0.446642072,59.54394281,86.66946065,86.15232306
2015-07-24T13:30:00Z,69.44,69.56,68.68,68.91,0.096420564,0.567167776,0.470747213,54.10839993,82.15653876,85.54345593
2015-07-27T13:30:00Z,68.15,68.22,67.57,68.01,-0.013597178,0.45375074,0.467347918,48.25928022,67.49922911,78.77507617
2015-07-28T13:30:00Z,68.55,68.6,67.77,68.05,-0.083549396,0.362911173,0.446460569,48.52560967,55.01092596,68.22223128
2015-07-29T13:30:00Z,68.32,69.1,68.16,68.94,-0.070286869,0.358601983,0.428888852,54.1773434,50.78786815,57.76600774
2015-07-30T13:30:00Z,68.93,69.45,68.5399,69.04,-0.055817951,0.359116413,0.414934364,54.77814834,49.60749179,51.8020953
2015-07-31T13:30:00Z,69.01,69.04,68.4001,68.53,-0.080152931,0.314743201,0.394896132,51.09842152,45.27089272,48.55541756
2015-08-03T13:30:00Z,68.59,68.84,68,68.53,-0.094804068,0.276391047,0.371195115,51.09842152,37.17105263,44.01647905
2015-08-04T13:30:00Z,68.47,68.95,68.31,68.46,-0.106868682,0.237609262,0.344477944,50.55779963,30.81140351,37.75111629
2015-08-05T13:30:00Z,69.05,69.42,68.56,68.73,-0.094738087,0.226055336,0.320793422,52.63919977,33.00438596,33.6622807
2015-08-06T13:30:00Z,68.75,68.94,68,68.25,-0.115725628,0.176136387,0.291862015,48.71306334,29.93421053,31.25
2015-08-07T13:30:00Z,68.33,68.74,67.55,68.05,-0.138238067,0.119064432,0.257302499,47.13553211,25.62206169,29.52021939
2015-08-10T13:30:00Z,68.22,69.005,68.22,68.89,-0.0938407,0.140001624,0.233842324,53.88959953,27.49971334,27.68532852
2015-08-11T13:30:00Z,68.23,68.4,67.85,68.23,-0.105345559,0.102160374,0.207505934,48.63215855,27.45098039,26.85758514
2015-08-12T13:30:00Z,67.41,67.55,66.07,67.24,-0.172105474,-0.007625908,0.164479565,42.01133684,33.1791424,29.37661204
2015-08-13T13:30:00Z,67.25,67.8,66.97,67.55,-0.186643294,-0.068824552,0.117818742,44.55669354,33.17785326,31.26932535
2015-08-14T13:30:00Z,67.42,67.91,67.4,67.89,-0.165347294,-0.088865375,0.076481919,47.28947441,43.7191638,36.69205315
2015-08-17T13:30:00Z,67.62,68.24,67.4,68.07,-0.132541686,-0.08919519,0.043346497,48.73024617,52.26824458,43.05508721
2015-08-18T13:30:00Z,67.98,68.36,67.8399,68.21,-0.096492422,-0.077269031,0.019223391,49.87778739,58.77712032,51.58817623
2015-08-19T13:30:00Z,67.93,68.31,67.365,67.6,-0.10794318,-0.115705584,-0.007762404,45.13723951,56.05228296,55.69921595
2015-08-20T13:30:00Z,66.81,67.04,65.94,65.94,-0.215328287,-0.276922763,-0.061594475,35.30379473,36.32841709,50.38594012
2015-08-21T13:30:00Z,65.09,65.44,63.57,63.6,-0.420119115,-0.58674337,-0.166624254,26.52980384,15.39482077,35.92517361
2015-08-24T13:30:00Z,59.29,62.92,50.07,60.25,-0.738724793,-1.090030246,-0.351305453,19.18046152,17.70754654,23.1435948
2015-08-25T13:30:00Z,63.1,63.3203,59.73,59.91,-0.918190706,-1.499043835,-0.580853129,18.61677496,35.02996535,22.71077755
2015-08-26T13:30:00Z,61.8,62.98,60.545,62.91,-0.785794871,-1.563096718,-0.777301847,36.38247794,57.46266922,36.7333937
2015-08-27T13:30:00Z,63.98,64.73,63.135,64.48,-0.554338816,-1.470225367,-0.915886551,43.35188806,65.2935481,52.59539422
2015-08-28T13:30:00Z,64.29,64.46,63.6,64.13,-0.394193508,-1.408628436,-1.014434928,42.24090968,73.53941444,65.43187726
2015-08-31T13:30:00Z,63.61,64.35,63.47,64.1,-0.265819376,-1.346709148,-1.080889772,42.14122174,76.50529837,71.77942031
2015-09-01T13:30:00Z,62.85,62.85,60.99,61.45,-0.33068481,-1.494245784,-1.163560974,34.41501081,71.87774386,73.97415223
2015-09-02T13:30:00Z,62.62,62.9125,61.54,62.57,-0.271922416,-1.503463995,-1.231541579,39.46642085,69.09057773,72.49120666
2015-09-03T13:30:00Z,62.88,63.66,62.45,62.68,-0.202588991,-1.484777818,-1.282188826,39.95556882,66.50264261,69.15698807
2015-09-04T13:30:00Z,61.8,61.92,60.75,61.5,-0.212127467,-1.54734816,-1.335220693,36.54414476,66.59376709,67.39566247
2015-09-08T13:30:00Z,62.77,63.2,62.33,63.16,-0.088875652,-1.446315258,-1.357439606,43.81209572,67.7344317,66.9436138
2015-09-09T13:30:00Z,63.94,64.34,62,62.18,-0.057130586,-1.428852839,-1.371722253,40.83830331,68.53991408,67.62270429
2015-09-10T13:30:00Z,61.86,62.995,61.45,62.66,0.008899694,-1.360597635,-1.369497329,42.88324074,75.01313125,70.42915901
2015-09-11T13:30:00Z,62.38,62.66,61.986,62.56,0.055923337,-1.299593158,-1.355516495,42.55323957,79.49062002,74.34788845
2015-09-14T13:30:00Z,62.64,62.685,62.12,62.38,0.083336058,-1.251346423,-1.33468248,41.92779746,73.37021146,75.95798757
2015-09-15T13:30:00Z,62.76,63.89,62.51,63.58,0.184898448,-1.10355942,-1.288457868,47.47084181,70.23957506,74.36680218
2015-09-16T13:30:00Z,63.89,64.29,63.21,64.14,0.286347621,-0.930523343,-1.216870963,49.8753321,70.23226247,71.280683
2015-09-17T13:30:00Z,64.14,64.64,62.39,62.65,0.250928842,-0.90320991,-1.154138753,44.09215094,68.84665835,69.77283196
2015-09-18T13:30:00Z,61.83,61.83,60.78,60.94,0.116968791,-1.007927763,-1.124896555,38.5653614,46.30112861,61.79334981
2015-09-21T13:30:00Z,61.52,61.91,61.08,61.45,0.069676005,-1.037801548,-1.107477554,40.94297858,23.90745501,46.35174732
2015-09-22T13:30:00Z,60.6,61.085,60.42,60.91,0.012016394,-1.09245706,-1.104473455,39.21251834,11.4968506,27.23514474
2015-09-23T13:30:00Z,60.8,61.15,60.32,60.64,-0.031914947,-1.144367139,-1.112452192,38.33997167,12.33788014,15.91406192
2015-09-24T13:30:00Z,60.01,60.38,59.46,60.22,-0.074438631,-1.205500481,-1.13106185,36.96215504,11.23019883,11.68830986
2015-09-25T13:30:00Z,61.27,61.86,60.87,61.47,-0.007105702,-1.139943977,-1.132838275,43.47304874,20.29410363,14.62072753
2015-09-28T13:30:00Z,60.92,61.01,59.69,59.98,-0.049290682,-1.194451628,-1.145160946,38.38385715,21.17117117,17.56515788
2015-09-29T13:30:00Z,59.98,60.13,58.73,59.84,-0.071641771,-1.234713159,-1.163071388,37.93450219,22.54114158,21.33547213
2015-09-30T13:30:00Z,60.7,61,60.11,60.97,0.00082204,-1.162043839,-1.162865878,43.66694012,22.24073239,21.98434838
2015-10-01T13:30:00Z,61.12,61.87,60.54,61.42,0.085517435,-1.055969085,-1.14148652,45.81329065,34.06655386,26.28280928
2015-10-02T13:30:00Z,59.59,60.86,58.53,60.81,0.105597842,-1.009489218,-1.115087059,43.39937133,40.24460377,32.18396334
2015-10-05T13:30:00Z,61.24,62.24,61.22,62.02,0.200033648,-0.865045,-1.065078647,49.12562484,46.65047544,40.32054436
2015-10-06T13:30:00Z,62.11,62.36,61.615,62.05,0.260362736,-0.739625228,-0.999987964,49.26268063,50.68194217,45.85900713
2015-10-07T13:30:00Z,62.55,63.03,61.755,62.13,0.298749307,-0.62655133,-0.925300637,49.65220282,64.90998363,54.08080042
2015-10-08T13:30:00Z,61.85,62.25,61.43,62.13,0.315584123,-0.530820483,-0.846404606,49.65220282,72.53682488,62.70958356
2015-10-09T13:30:00Z,62.39,62.545,61.575,61.93,0.304545395,-0.465722862,-0.770268257,48.57103912,78.51851852,71.98844234
2015-10-12T13:30:00Z,61.84,62.01,61.399,61.72,0.27528244,-0.426165207,-0.701447647,47.40385183,75.48148148,75.51227496
2015-10-13T13:30:00Z,61.39,62.16,61.31,61.55,0.238056188,-0.403877412,-0.6419336,46.43113427,71.18518519,75.0617284
2015-10-14T13:30:00Z,60.76,60.97,59.54,59.99,0.108541027,-0.506257317,-0.614798343,38.6030558,56.81481481,67.82716049
2015-10-15T13:30:00Z,60.47,61.96,60.1034,61.89,0.148532093,-0.429133227,-0.57766532,49.72145503,58.07407407,62.02469136
2015-10-16T13:30:00Z,62.43,62.65,62.09,62.43,0.205539424,-0.320741041,-0.526280464,52.36188653,64.59259259,59.82716049
2015-10-19T13:30:00Z,62,62.765,61.91,62.22,0.221892087,-0.248915356,-0.470807443,51.23502799,81.11111111,67.92592593
2015-10-20T13:30:00Z,62.36,62.815,62.08,62.52,0.24394723,-0.165873405,-0.409820635,52.79782568,85.77777778,77.16049383
2015-10-21T13:30:00Z,62.88,62.96,62.05,62.06,0.219362981,-0.135616908,-0.35497989,50.1442169,83.03703704,83.30864198
2015-10-22T13:30:00Z,62.42,63.58,62.42,63.19,0.267804924,-0.020223734,-0.288028659,55.99516862,85.81921525,84.87801002
2015-10-23T13:30:00Z,63.63,64.185,63.5,63.87,0.330150533,0.124659507,-0.205491025,59.10539595,87.33649788,85.39758339
2015-10-26T13:30:00Z,63.84,63.99,63.41,63.9,0.355708468,0.23914456,-0.116563908,59.24226299,92.47647316,88.5440621
2015-10-27T13:30:00Z,63.53,63.86,63.3135,63.64,0.33755096,0.305374791,-0.032176168,57.44776584,91.78327951,90.53208352
2015-10-28T13:30:00Z,63.7,65.74,63.69,65.5,0.427469405,0.502160587,0.074691183,65.49906971,92.75345209,92.33773492
2015-10-29T13:30:00Z,65.26,65.83,64.88,65.21,0.442231824,0.627480962,0.185249139,63.4822553,91.51302341,92.016585
2015-10-30T13:30:00Z,65.3,65.34,64.13,64.25,0.365348261,0.641934464,0.276586204,57.20300799,87.05095988,90.43914513
2015-11-02T14:30:00Z,64.45,65.75,64.39,65.54,0.377810176,0.748848924,0.371038748,62.56186974,86.80445151,88.45614493
2015-11-03T14:30:00Z,65.29,66.1,65.17,65.78,0.377749179,0.843225222,0.465476042,63.47812933,88.31130433,87.38890524
2015-11-04T14:30:00Z,66.01,66.15,65.63,65.85,0.358132292,0.913141407,0.555009115,63.75674342,94.32589273,89.81388286
2015-11-05T14:30:00Z,65.79,66.67,65.75,66.44,0.35965543,1.004578402,0.644922973,66.10388176,94.25207942,92.29642549
2015-11-06T14:30:00Z,68.37,69.03,68.1,68.46,0.464788412,1.225908488,0.761120076,72.63747006,93.30880214,93.9622581
2015-11-09T14:30:00Z,68.7,68.72,67.08,67.39,0.431094866,1.299988658,0.868893792,65.44175693,87.83539204,91.79875787
2015-11-10T14:30:00Z,67.19,67.85,66.93,67.68,0.397963282,1.366347895,0.968384613,66.41290289,82.63816943,87.92745453
2015-11-11T14:30:00Z,68.1,68.17,67.25,67.35,0.326446748,1.376443047,1.0499963,64.20193914,75.56402849,82.01252998
2015-11-12T14:30:00Z,66.86,66.9,65.95,66,0.168782229,1.260974086,1.092191857,55.99002614,65.72777557,74.6433245
2015-11-13T14:30:00Z,65.84,66.17,65.23,65.56,0.023076244,1.121037162,1.097960918,53.58434687,52.30181638,64.53120681
2015-11-16T14:30:00Z,65.46,66.58,65.17,66.51,-0.01884226,1.074408093,1.093250353,57.80026697,46.36768327,54.79909174
2015-11-17T14:30:00Z,66.67,66.74,65.89,66.13,-0.07834589,0.995317991,1.073663881,55.62389089,44.30794571,47.65914845
2015-11-18T14:30:00Z,66.48,67.55,66.37,67.45,-0.037083664,1.0273093,1.064392964,61.10283719,53.79347245,48.15636714
2015-11-19T14:30:00Z,67.58,67.82,67.04,67.66,-0.005579472,1.057418625,1.062998097,61.90859561,59.6818555,52.59442455
2015-11-20T14:30:00Z,67.99,68.11,67.375,67.54,-0.002890039,1.059385548,1.062275587,61.12933409,66.54273457,60.00602084
2015-11-23T14:30:00Z,67.31,67.58,66.78,66.88,-0.052857076,0.996204241,1.049061318,56.8880197,58.72453993,61.64971
2015-11-24T14:30:00Z,66.17,67.14,66.04,66.78,-0.09735045,0.927373255,1.024723705,56.25119007,49.13644214,58.13457221
2015-11-25T14:30:00Z,66.93,67.12,66.55,66.86,-0.124371561,0.869259254,0.993630815,56.6690925,43.2642487,50.37507693
2015-11-27T14:30:00Z,67,67.3264,66.64,67.17,-0.124063373,0.838551598,0.962614972,58.33015854,47.27675205,46.55914763
2015-11-30T14:30:00Z,67.28,67.52,66.68,66.68,-0.157413233,0.765848431,0.923261664,54.75703442,50.15124831,46.89741635
2015-12-01T14:30:00Z,67.34,67.83,66.99,67.61,-0.119131189,0.774347677,0.893478866,59.79140721,62.66823161,53.36541066
2015-12-02T14:30:00Z,67.83,67.88,66.48,66.66,-0.15766415,0.696398679,0.854062829,53.27052141,60.78231293,57.86726428
2015-12-03T14:30:00Z,66.83,67.03,65.58,65.8,-0.236220366,0.558787371,0.795007737,48.15096487,51.14739229,58.19931228
2015-12-04T14:30:00Z,66.1,67.995,66.03,67.89,-0.146943835,0.611327944,0.758271779,58.5712527,54.87528345,55.60166289
2015-12-07T14:30:00Z,67.66,67.75,66.4,67,-0.146994736,0.574528358,0.721523095,53.62856036,56.69068681,54.23778752
2015-12-08T14:30:00Z,66.25,66.96,65.7,65.96,-0.212269292,0.45618648,0.668455772,48.4801727,54.55441729,55.37346252
2015-12-09T14:30:00Z,65.61,66.585,65.04,65.46,-0.280057627,0.318383738,0.598441365,46.18458698,28.27567561,46.50692657
2015-12-10T14:30:00Z,65.54,66.495,65.08,65.61,-0.303748185,0.218756134,0.522504319,46.99545175,15.75577328,32.86195539
2015-12-11T14:30:00Z,64.8,65.16,63.5102,64.07,-0.40571676,0.015358368,0.421075128,40.28437071,14.90990632,19.6471184
2015-12-14T14:30:00Z,64.227,64.755,63.6,64.27,-0.439435674,-0.128219464,0.31121621,41.45368215,15.99686895,15.55418285
2015-12-15T14:30:00Z,65.07,66.65,65.07,66.1,-0.323585065,-0.093265122,0.230319944,50.92313298,29.05666548,19.98781358
2015-12-16T14:30:00Z,66.91,67.74,65.91,67.53,-0.144849808,0.049257684,0.194107492,56.80277264,54.77315971,33.27556471
2015-12-17T14:30:00Z,67.9,68,66.085,66.28,-0.106770466,0.060644409,0.167414875,51.0458192,69.68958447,51.17313655
2015-12-18T14:30:00Z,65.97,65.97,64.4,64.4,-0.198809485,-0.081096982,0.117712504,43.84793512,57.04694776,60.50323065
2015-12-21T14:30:00Z,65.02,65.56,64.83,65.54,-0.174396864,-0.100283576,0.074113288,48.58257228,42.23944645,56.32532623
2015-12-22T14:30:00Z,65.92,66,64.98,65.68,-0.141694537,-0.103004883,0.038689654,49.14962443,37.78490504,45.69043309
2015-12-23T14:30:00Z,66.12,66.85,66.05,66.73,-0.04711367,-0.020202434,0.026911236,53.30868029,55.08337417,45.03590855
2015-12-24T14:30:00Z,66.62,66.89,66.32,66.6,0.006095921,0.034531137,0.028435216,52.73360227,62.95306398,51.94044773
2015-12-28T14:30:00Z,66.29,66.45,65.71,66.38,0.024827979,0.05947019,0.034642211,51.7168276,68.15002895,62.0621557
2015-12-29T14:30:00Z,66.84,67.3,66.74,67.07,0.078985708,0.133374346,0.054388638,54.6690125,70.67426908,67.25912067
2015-12-30T14:30:00Z,67.04,67.05,66.45,66.59,0.077661832,0.151465928,0.073804096,52.27451388,70.60002673,69.80810826
2015-12-31T14:30:00Z,66.19,66.7801,66,66.03,0.036350142,0.119241773,0.082891632,49.54786164,68.00154424,69.75861335
